{"initial_reset_timestamp": 1604583949.0837793, "timestamps": [1604583985.744569], "episode_lengths": [2178], "episode_rewards": [2178.0], "episode_types": ["t"]}